{
  "Action": 0.49999999999999994,
  "Adventure": 0.5499999999999999,
  "Animation": 0.5499999999999999,
  "Comedy": 0.49999999999999994,
  "Crime": 0.49999999999999994,
  "Drama": 0.49999999999999994,
  "Family": 0.5499999999999999,
  "Fantasy": 0.5499999999999999,
  "History": 0.5499999999999999,
  "Horror": 0.5499999999999999,
  "Mystery": 0.5499999999999999,
  "Romance": 0.5499999999999999,
  "Science Fiction": 0.5499999999999999,
  "Thriller": 0.49999999999999994
}