{
  "hamming_loss": 0.09949542730999685,
  "recall": 0.6231977619969873,
  "precision": 0.789315889888253,
  "f1": 0.6964886964886965,
  "jaccard": 0.5343173431734317
}