{
  "hamming_loss": 0.09748502049826553,
  "recall": 0.7665160318485044,
  "precision": 0.7195959595959596,
  "f1": 0.7423153068667292,
  "jaccard": 0.5902236951118476
}