{
  "hamming_loss": 0.10877566242373109,
  "f1": 0.5011495541972747,
  "jaccard": 0.3343559429832766
}