{
  "hamming_loss": 0.09977136549984232,
  "recall": 0.6208306434258661,
  "precision": 0.7895457033388068,
  "f1": 0.6950969762679196,
  "jaccard": 0.5326809453471196
}