{
  "hamming_loss": 0.1902917226658234,
  "recall": 0.686245194361384,
  "precision": 0.489935956084172,
  "f1": 0.5717081850533808,
  "jaccard": 0.4002740749968855
}