{
  "hamming_loss": 0.11105608745093723,
  "f1": 0.4841979725700656,
  "jaccard": 0.31943351691581434
}