{
  "hamming_loss": 0.04765048971057555,
  "recall": 0.8925753674943941,
  "precision": 0.8049958804583927,
  "f1": 0.8465264650283554,
  "jaccard": 0.7338932705111134
}