{
  "hamming_loss": 0.08727423135254378,
  "f1": 0.7379966887417219,
  "precision": 0.8179971162668764,
  "recall": 0.6722503501023376,
  "jaccard": 0.5847818957035094
}