{
  "hamming_loss": 0.032757419023513444,
  "recall": 0.859355535254547,
  "precision": 0.9130415600458837,
  "f1": 0.885385471036194,
  "jaccard": 0.7943423022300695
}