{
  "precision": 0.7656937584193982,
  "recall": 0.3540403620961714,
  "f1": 0.4841979725700656,
  "accuracy": 0.12688456036095522
}