{
  "per_label_thresholds": {
    "Action": 0.5000000000000001,
    "Adventure": 0.5500000000000002,
    "Animation": 0.5500000000000002,
    "Comedy": 0.5000000000000001,
    "Crime": 0.5000000000000001,
    "Drama": 0.5000000000000001,
    "Family": 0.5500000000000002,
    "Fantasy": 0.5500000000000002,
    "History": 0.5500000000000002,
    "Horror": 0.5500000000000002,
    "Mystery": 0.5500000000000002,
    "Romance": 0.5500000000000002,
    "Science Fiction": 0.5500000000000002,
    "Thriller": 0.5000000000000001
  },
  "per_label_f1_scores": {
    "Action": 0.7720739219712526,
    "Adventure": 0.7099099099099099,
    "Animation": 0.7635327635327636,
    "Comedy": 0.7589098532494759,
    "Crime": 0.7342857142857143,
    "Drama": 0.7747035573122529,
    "Family": 0.7560975609756098,
    "Fantasy": 0.7157360406091371,
    "History": 0.69,
    "Horror": 0.7410926365795725,
    "Mystery": 0.617737003058104,
    "Romance": 0.6968174204355109,
    "Science Fiction": 0.7846153846153846,
    "Thriller": 0.7174721189591078
  },
  "summary": {
    "mean_threshold": 0.5321428571428571,
    "median_threshold": 0.5500000000000002,
    "min_threshold": 0.5000000000000001,
    "max_threshold": 0.5500000000000002,
    "std_threshold": 0.02395787118749777,
    "n_labels": 14,
    "validation_samples": 1812
  },
  "metadata": {
    "model_path": "/Users/christianfullerton/Developer/Python Workspace/movie_genre_model/models/linearsvc.joblib",
    "metric_optimized": "f1",
    "threshold_range": "0.1 to 0.9 (step 0.05)"
  }
}